NOM COMPLET,CODE FVF,INDIC_ZH
Achillea ageratum L.,79865,Oui
Achillea ptarmica L.,79921,Oui
Aconitum burnatii Gayer.,80009,Oui
Aconitum napellus L.,80037,Oui
Acorus calamus L.,80086,Oui
Adenostyles briquetii Gamisans.,80185,Oui
Adenostyles leucophylla (Willd.) Rchb.,80190,Oui
Adiantum capillus-veneris L.,80198,Oui
Aeluropus littoralis (Gouan) Parl.,80329,Oui
Agrostis canina L.,80590,Oui
Agrostis gigantea Roth.,80639,Oui
Agrostis pourretii Willd.,80706,Oui
Agrostis stolonifera L.,80759,Oui
Alchemilla coriacea Buser.,81059,Oui
Alchemilla firma Buser.,81074,Oui
Alchemilla fissa Günther & Schummel.,81075,Oui
Alchemilla pentaphyllea L.,81140,Oui
Alisma gramineum Lej.,81260,Oui
Alisma lanceolatum With.,81263,Oui
Alisma plantago-aquatica L.,81272,Oui
Allium angulosum L.,81316,Oui
Allium neapolitanum Cirillo.,81445,Oui
Allium suaveolens Jacq.,81523,Oui
Allium triquetrum L.,81538,Oui
Alnus alnobetula (Ehrh.) K. Koch.,81563,Oui
Alnus cordata (Loisel.) Duby.,81567,Oui
Alnus glutinosa (L.) Gaertn.,81569,Oui
Alnus incana (L.) Moench.,81570,Oui
Alopecurus aequalis Sobol.,81610,Oui
Alopecurus bulbosus Gouan.,81624,Oui
Alopecurus geniculatus L.,81637,Oui
Alternanthera philoxeroides (Mart.) Griseb.,81831,Oui
Althaea officinalis L.,81856,Oui
"Anacamptis coriophora (L.) Bateman, Pridgeon & Chase.",82282,Oui
"Anacamptis laxiflora (Lam.) Bateman, Pridgeon & Chase.",82283,Oui
"Anacamptis palustris (Jacq.) Bateman, Pridgeon & Chase.",82286,Oui
Anagallis crassifolia Thore.,82328,Oui
Anagallis minima (L.) EHL Krause.,82335,Oui
Anagallis tenella (L.) L.,82346,Oui
Andromeda polifolia L.,82420,Oui
Angelica archangelica L.,82705,Oui
Angelica heterocarpa J. Lloyd.,82715,Oui
Angelica sylvestris L.,82738,Oui
Antinoria agrostidea (DC) Parl.,83001,Oui
Antinoria insularis Parl.,83002,Oui
Apium graveolens L.,83195,Oui
Arabis cebennensis DC.,83300,Oui
Arabis soyeri Reut. & ALP Huet.,83409,Oui
Aristolochia clematitis L.,83777,Oui
Artemisia caerulescens L.,83952,Oui
Artemisia maritima L.,84003,Oui
"Artemisia molinieri Quézel, M. Barbero & R.J. Loisel.",84005,Oui
Arthrocnemum macrostachyum (Moric.) K. Koch.,84088,Oui
Arundo donax L.,84173,Oui
Arundo plinii Turra.,84205,Oui
Asplenium hemionitis L.,161087,Oui
Asplenium marinum L.,84501,Oui
Aster squamatus (Spreng.) Hieron.,84714,Oui
Aster tripolium L.,84724,Oui
Atriplex littoralis L.,85083,Oui
Baldellia ranunculoides (L.) Parl.,85486,Oui
Bartsia alpina L.,85602,Oui
Bellevalia romana (L.) Rchb.,85714,Oui
Bellis annua L.,85728,Oui
Bellis bernardii Boiss. & Reut.,85730,Oui
Bellium nivale Req.,85750,Oui
Berula erecta (Huds.) Coville.,85798,Oui
Betula alba L.,85876,Oui
Betula nana L.,85897,Oui
Bidens cernua L.,85946,Oui
Bidens connata Willd.,85949,Oui
Bidens frondosa L.,85957,Oui
Bidens radiata Thuill.,85978,Oui
Bidens tripartita L.,85986,Oui
Blackstonia acuminata (W. D. J. Koch & Ziz) Domin.,86084,Oui
Blackstonia imperfoliata (Lf) Samp.,86085,Oui
Blysmus compressus (L.) Panz. ex-Link.,86124,Oui
Bolboschoenus maritimus (L.) Palla.,86131,Oui
Botrychium simplex E. Hitchc.,86199,Oui
Bromus racemosus L.,86732,Oui
Butomus umbellatus L.,87136,Oui
Calamagrostis canescens (Weber) Roth.,87218,Oui
Calamagrostis purpurea (Trin.) Trin. subsp. phragmitoides (Hartm.) Tzvelev.,132389,Oui
Calamagrostis stricta (Timm) Koeler.,87290,Oui
Caldesia parnassifolia (L.) Parl.,87417,Oui
Calla palustris L.,87450,Oui
Caltha palustris L.,87540,Oui
Calystegia sepium (L.) R. Br.,87560,Oui
Cardamine amara L.,87892,Oui
Cardamine asarifolia L.,87897,Oui
Cardamine flexuosa With.,87915,Oui
Cardamine graeca L.,87920,Oui
Cardamine parviflora L.,87957,Oui
Cardamine pratensis L.,87964,Oui
Cardamine raphanifolia Pourr.,87969,Oui
Carduus personata (L.) Jacq.,88178,Oui
Carex acuta L.,88314,Oui
Carex acutiformis Ehrh.,88318,Oui
Carex appropinquata Schumach.,88344,Oui
Carex atrofusca Schkuhr.,88360,Oui
Carex bicolor All.,88380,Oui
Carex binervis Sm.,88385,Oui
Carex bohemica Schreb.,88387,Oui
Carex brizoides L.,88395,Oui
Carex buxbaumii Wahlenb.,88404,Oui
Carex capillaris L.,88412,Oui
Carex cespitosa L.,88420,Oui
Carex chordorrhiza L.f.,88426,Oui
Carex cuprina (Sandor ex-Heuff.) Nendtv. ex-A. Kern.,88448,Oui
Carex curta Gooden.,88449,Oui
Carex davalliana Sm.,88459,Oui
Carex diandra Schrank.,88468,Oui
Carex dioica L.,88472,Oui
Carex distans L.,88477,Oui
Carex disticha Huds.,88478,Oui
Carex divisa Huds.,88482,Oui
Carex echinata Murray.,88489,Oui
Carex elata All.,88491,Oui
Carex elongata L.,88493,Oui
Carex extensa Gooden.,88502,Oui
Carex flava L.,88511,Oui
Carex foetida All.,88515,Oui
Carex frigida All.,88519,Oui
Carex hartmanii Cajander.,88561,Oui
Carex heleonastes Ehrh. ex-Lf.,88562,Oui
Carex hispida Willd.,88571,Oui
Carex hostiana DC.,88578,Oui
Carex lachenalii Schkuhr.,88606,Oui
Carex laevigata Sm.,88608,Oui
Carex lasiocarpa Ehrh.,88614,Oui
Carex limosa L.,88632,Oui
Carex magellanica Lam. subsp. irrigua (Wahlenb.) Hiitonen.,154761,Oui
Carex mairei Coss. & Germ.,88656,Oui
Carex maritima Gunnerus.,88662,Oui
Carex melanostachya M. Bieb. ex-Willd.,88669,Oui
Carex microcarpa Bertol. ex-Moris.,88673,Oui
Carex microglochin Wahlenb.,88675,Oui
Carex nigra (L.) Reichard.,88720,Oui
Carex panicea L.,88752,Oui
Carex paniculata L.,88753,Oui
Carex parviflora Host.,88756,Oui
Carex pauciflora Lightf.,88762,Oui
Carex pendula Huds.,88766,Oui
Carex pseudocyperus L.,88794,Oui
Carex pulicaris L.,88802,Oui
Carex punctata Gaudin.,88804,Oui
Carex pyrenaica Wahlenb.,88806,Oui
Carex remota L.,88819,Oui
Carex riparia Curtis.,88833,Oui
Carex rostrata Stokes.,88840,Oui
Carex strigosa Huds.,88893,Oui
Carex trinervis Degl. ex-Loisel.,88921,Oui
Carex umbrosa Host subsp. huetiana (Boiss.) Soó.,132823,Oui
Carex vesicaria L.,88942,Oui
Carex viridula Michx. subsp. brachyrrhyncha (Celak.) B. Schmid.,132826,Oui
Carex viridula Michx. subsp. oedocarpa (Andersson) B. Schmid.,132829,Oui
Carex viridula Michx. subsp. viridula.,132832,Oui
Carex vulpina L.,88952,Oui
Carex vulpinoidea Michx.,88956,Oui
Caropsis verticillatinundata (Thore) Rauschert.,89191,Oui
Carum verticillatum (L.) W. D. J. Koch.,89264,Oui
Catabrosa aquatica (L.) P. Beauv.,89316,Oui
Centaurea dracunculifolia Dufour.,89584,Oui
Centaurium chloodes (Brot.) Samp.,89837,Oui
Centaurium favargeri Zeltner.,89841,Oui
Centaurium littorale (Turner) Gilmour.,89845,Oui
Centaurium spicatum (L.) Fritsch.,89856,Oui
Centaurium tenuiflorum (Hoffmanns. & Link) Fritsch.,89858,Oui
Cerastium cerastoides (L.) Britton.,89986,Oui
Cerastium dubium (Bastard) Guépin.,89999,Oui
Chaerophyllum bulbosum L.,90330,Oui
Chaerophyllum hirsutum L.,90338,Oui
Chenopodium chenopodioides (L.) Aellen.,90711,Oui
Chenopodium rubrum L.,90801,Oui
Chrysosplenium alternifolium L.,91118,Oui
Chrysosplenium oppositifolium L.,91120,Oui
Cicendia filiformis (L.) Delarbre.,91132,Oui
Cicuta virosa L.,91199,Oui
Circaea alpina L.,91256,Oui
Circaea x intermedia Ehrh.,91267,Oui
Cirsium carniolicum Scop. subsp. rufescens (Ramond ex-DC.) P. Fourn.,133309,Oui
Cirsium creticum (Lam.) D'Urv. subsp. triumfetti (Lacaita) Werner.,133311,Oui
Cirsium dissectum (L.) Hill.,91322,Oui
Cirsium filipendulum Lange.,91332,Oui
Cirsium heterophyllum (L.) Hill.,91346,Oui
Cirsium monspessulanum (L.) Hill.,91369,Oui
Cirsium montanum (Waldst. & Kit. ex-Willd.) Spreng.,91371,Oui
Cirsium oleraceum (L.) Scop.,91378,Oui
Cirsium palustre (L.) Scop.,91382,Oui
Cirsium rivulare (Jacq.) All.,91398,Oui
Cladium mariscus (L.) Pohl.,91823,Oui
Cochlearia aestuaria (J. Lloyd) Heywood.,92026,Oui
Cochlearia anglica L.,92029,Oui
Cochlearia glastifolia L.,92042,Oui
Cochlearia officinalis L.,92052,Oui
Cochlearia pyrenaica DC.,92054,Oui
Colchicum arenasii Fridl.,159903,Oui
Coleanthus subtilis (Tratt.) Seidl.,92171,Oui
Corrigiola littoralis L.,92566,Oui
Cotula coronopifolia L.,92723,Oui
Crassula helmsii (Kirk) Cockayne.,92793,Oui
Crassula vaillantii (Willd.) Roth.,92807,Oui
Crepis lampsanoides (Gouan) Tausch.,93075,Oui
Crepis paludosa (L.) Moench.,93101,Oui
Crepis pyrenaica (L.) Greuter.,93116,Oui
Cressa cretica L.,93171,Oui
Crypsis aculeata (L.) Aiton.,93454,Oui
Crypsis alopecuroides (Piller & Mitterp.) Schrad.,93456,Oui
Crypsis schoenoides (L.) Lam.,93463,Oui
Cuscuta scandens Brot. subsp. cesatiana (Bertol.) Soó.,133577,Oui
Cymodocea nodosa (Ucria) Asch.,93774,Oui
Cyperus difformis L.,93918,Oui
Cyperus eragrostis Lam.,93923,Oui
Cyperus esculentus L.,93924,Oui
Cyperus fuscus L.,93936,Oui
Cyperus glomeratus L.,93938,Oui
Cyperus involucratus Rottb.,93954,Oui
Cyperus longus L.,93967,Oui
Cyperus michelianus (L.) Link.,93973,Oui
Cystopteris diaphana (Bory) Blasdell.,94062,Oui
Dactylorhiza alpestris (Pugsley) Aver.,94242,Oui
Dactylorhiza angustata (Arv.-Touv.) D. Tyteca & Gathoye.,94243,Oui
Dactylorhiza brennensis (E. Nelson) D. Tyteca & Gathoye.,94247,Oui
Dactylorhiza cruenta (O.F. Mull.) Soó.,94249,Oui
Dactylorhiza elata (Poir.) Soó.,94252,Oui
Dactylorhiza fistulosa (Moench) Baumann & Künkele.,94255,Oui
Dactylorhiza incarnata (L.) Soó.,94259,Oui
Dactylorhiza maculata (L.) Soó.,94266,Oui
"Dactylorhiza occitanica Geniez, Melki, Pain & R. Soca.",94270,Oui
Dactylorhiza praetermissa (Druce) Soó.,94273,Oui
Dactylorhiza saccifera (Brongn.) Soó.,94278,Oui
Dactylorhiza traunsteineri (Saut.) Soó.,94287,Oui
Damasonium alisma Mill.,94388,Oui
Delphinium dubium (Rouy & Foucaud) Pawl.,94578,Oui
Delphinium elatum L. subsp. elatum.,133765,Oui
Deschampsia cespitosa (L.) P. Beauv.,94626,Oui
Deschampsia media (Gouan) Roem. & Schult.,94633,Oui
Deschampsia setacea (Huds.) Hack.,94638,Oui
Dipsacus pilosus L.,95154,Oui
Doronicum austriacum Jacq.,95209,Oui
Dorycnium rectum (L.) Ser.,95281,Oui
Drosera intermedia Hayne.,95438,Oui
Drosera longifolia L.,95439,Oui
Drosera rotundifolia L.,95442,Oui
Dryopteris aemula (Aiton) Kuntze.,95546,Oui
Dryopteris carthusiana (Vill.) H. P. Fuchs.,95558,Oui
Dryopteris cristata (L.) A. Gray.,95561,Oui
Dryopteris dilatata (Hoffm.) A. Gray.,95563,Oui
Elatine brochonii Clavaud.,95848,Oui
Elatine hexandra (Lapierre) DC.,95858,Oui
Elatine hydropiper L.,95860,Oui
Elatine macropoda Guss.,95864,Oui
Elatine triandra Schkuhr.,95877,Oui
Eleocharis acicularis (L.) Roem. & Schult.,95889,Oui
Eleocharis atropurpurea (Retz.) C. Presl.,95891,Oui
Eleocharis austriaca Hayek.,95892,Oui
Eleocharis bonariensis Nees.,95895,Oui
Eleocharis mamillata H. Lindb.,95914,Oui
Eleocharis multicaulis (Sm.) Desv.,95916,Oui
Eleocharis ovata (Roth) Roem. & Schult.,95919,Oui
Eleocharis palustris (L.) Roem. & Schult.,95922,Oui
"Eleocharis parvula (Roem. & Schult.) Link ex-Bluff, Nees & Schauer.",95923,Oui
Eleocharis quinqueflora (Hartmann) O. Schwarz.,95927,Oui
Eleocharis uniglumis (Link) Schult.,95933,Oui
Eleogiton fluitans (L.) Link.,95948,Oui
Elytrigia atherica (Link) Kerguélen ex-Carreras.,96027,Oui
Elytrigia elongata (Host) Nevski.,96032,Oui
Endressia pyrenaica (J. Gay ex-DC.) J. Gay.,96079,Oui
Epilobium alsinifolium Vill.,96130,Oui
Epilobium anagallidifolium Lam.,96134,Oui
Epilobium hirsutum L.,96180,Oui
Epilobium nutans F. W. Schmidt.,96218,Oui
Epilobium obscurum Schreb.,96220,Oui
Epilobium palustre L.,96226,Oui
Epilobium parviflorum Schreb.,96229,Oui
Epilobium tetragonum L. subsp. tetragonum.,134131,Oui
Epipactis palustris (L.) Crantz.,96465,Oui
Equisetum fluviatile L.,96519,Oui
Equisetum hyemale L.,96523,Oui
Equisetum palustre L.,96534,Oui
Equisetum sylvaticum L.,96545,Oui
Equisetum telmateia Ehrh.,96546,Oui
Equisetum variegatum Schleich.,96553,Oui
Erianthus ravennae (L.) P. Beauv.,96656,Oui
Erica terminalis Salisb.,96694,Oui
Erica tetralix L.,96695,Oui
Eriophorum gracile Koch ex-Roth.,96851,Oui
Eriophorum latifolium Hoppe.,96852,Oui
Eriophorum polystachion L.,96856,Oui
Eriophorum scheuchzeri Hoppe.,96859,Oui
Eriophorum vaginatum L.,96861,Oui
Eryngium pusillum L.,97147,Oui
Eryngium viviparum J. Gay.,97152,Oui
Eupatorium cannabinum L.,97434,Oui
Euphorbia palustris L.,97601,Oui
Exaculum pusillum (Lam.) Caruel.,97904,Oui
Festuca gigantea (L.) Vill.,98250,Oui
Festuca rivularis Boiss.,98506,Oui
Festuca rubra L. subsp. litoralis (G.Mey.) Auquier.,134622,Oui
Festuca trichophylla (Ducros ex-Gaudin) K. Richt.,98586,Oui
Filipendula ulmaria (L.) Maxim.,98717,Oui
Fimbristylis annua (All.) Roem. & Schult.,98722,Oui
Fimbristylis bisumbellata (Forssk.) Bubani.,98723,Oui
Frangula dodonei Ard.,98888,Oui
Frankenia pulverulenta L.,98903,Oui
Fraxinus angustifolia Vahl.,98910,Oui
Fritillaria meleagris L.,98977,Oui
Fuirena pubescens (Poir.) Kunth.,99011,Oui
Galium debile Desv.,99410,Oui
Galium palustre L.,99494,Oui
Galium uliginosum L.,99570,Oui
Gentiana asclepiadea L.,99862,Oui
Gentiana pneumonanthe L.,99922,Oui
Gentiana pyrenaica L.,99931,Oui
Gentiana rostanii Reut. ex-Verl.,99936,Oui
Gentianella uliginosa (Willd.) Borner.,99991,Oui
Geranium palustre L.,100114,Oui
Geum rivale L.,100215,Oui
Gladiolus palustris Gaudin.,100278,Oui
Glaux maritima L.,100303,Oui
Glyceria declinata Bréb.,100382,Oui
Glyceria fluitans (L.) R. Br.,100387,Oui
Glyceria maxima (Hartm.) Holmb.,100394,Oui
Glyceria notata Chevall.,100398,Oui
Glyceria striata (Lam.) Hitchc.,159690,Oui
Gnaphalium uliginosum L.,100519,Oui
Gratiola officinalis L.,100576,Oui
Halimione pedunculata (L.) Aellen.,100718,Oui
Halimione portulacoides (L.) Aellen.,100719,Oui
Hammarbya paludosa (L.) Kuntze.,100739,Oui
Heliotropium supinum L.,101155,Oui
Helosciadium crassipes W. D. J. Koch.,101217,Oui
Helosciadium inundatum (L.) W. D. J. Koch.,101220,Oui
Helosciadium nodiflorum (L.) W. D. J. Koch.,101221,Oui
Helosciadium repens (Jacq.) W. D. J. Koch.,101223,Oui
Hibiscus palustris L.,101538,Oui
Hierochloe odorata (L.) P. Beauv.,102794,Oui
Hippophae rhamnoides L. subsp. fluviatilis Soest.,136646,Oui
Hordeum marinum Huds.,102968,Oui
Humulus lupulus L.,103031,Oui
Humulus scandens (Lour.) Merr.,103032,Oui
Hydrocotyle ranunculoides Lf.,103139,Oui
Hydrocotyle vulgaris L.,103142,Oui
Hymenolobus procumbens (L.) Nutt. ex-Schinz & Thell.,103170,Oui
Hymenophyllum tunbrigense (L.) Sm.,103173,Oui
Hymenophyllum wilsonii Hook.,103175,Oui
Hypericum androsaemum L.,103245,Oui
Hypericum desetangsii Lamotte.,103267,Oui
Hypericum elodes L.,103272,Oui
Hypericum humifusum L.,103288,Oui
Hypericum maculatum Crantz subsp. obtusiusculum (Tourlet) Hayek.,136751,Oui
Hypericum tetrapterum Fr.,103329,Oui
Hypericum tomentosum L.,103330,Oui
Illecebrum verticillatum L.,103536,Oui
Impatiens capensis Meerb.,103545,Oui
Impatiens glandulifera Royle.,103547,Oui
Impatiens noli-tangere L.,103553,Oui
Imperata cylindrica (L.) Rausch.,103562,Oui
Inula britannica L.,103598,Oui
Inula crithmoides L.,103614,Oui
Inula helvetica Weber.,103628,Oui
Iris pseudacorus L.,103772,Oui
Iris sibirica L.,103777,Oui
Iris xiphium L.,103800,Oui
Isoetes boryana Durieu.,103832,Oui
Isoetes duriei Bory.,103840,Oui
Isoetes echinospora Durieu.,103841,Oui
Isoetes histrix Bory.,103842,Oui
Isoetes lacustris L.,103843,Oui
Isoetes setacea Lam.,103846,Oui
Isoetes velata A. Braun.,103852,Oui
Isolepis cernua (Vahl) Roem. & Schult.,103857,Oui
Isolepis pseudosetacea (Daveau) Vasc.,103887,Oui
Isolepis setacea (L.) R. Br.,103898,Oui
Juncellus laevigatus (L.) C. B. Clarke.,104084,Oui
Juncellus serotinus (Rottb.) C. B. Clarke.,104085,Oui
Juncus acutiflorus Ehrh. ex-Hoffm.,104101,Oui
Juncus acutus L.,104104,Oui
Juncus alpinoarticulatus Chaix.,104111,Oui
Juncus ambiguus Guss.,104114,Oui
Juncus anceps Laharpe.,104115,Oui
Juncus arcticus Willd.,104123,Oui
Juncus articulatus L.,104126,Oui
Juncus bufonius L.,104144,Oui
Juncus bulbosus L.,104145,Oui
Juncus capitatus Weigel.,104148,Oui
Juncus compressus Jacq.,104155,Oui
Juncus conglomeratus L.,104160,Oui
Juncus effusus L.,104173,Oui
Juncus filiformis L.,104183,Oui
Juncus foliosus Desf.,104189,Oui
Juncus fontanesii J. Gay.,104192,Oui
Juncus gerardi Loisel.,104196,Oui
Juncus heterophyllus Dufour.,104208,Oui
Juncus hybridus Brot.,104212,Oui
Juncus inflexus L.,104214,Oui
Juncus littoralis C. A. Mey.,104235,Oui
Juncus maritimus Lam.,104246,Oui
Juncus minutulus (Albert & Jahand.) Prain.,104255,Oui
Juncus pygmaeus Rich. ex-Thuill.,104302,Oui
Juncus pyrenaeus Timb.-Lagr. & Jeanb.,104305,Oui
Juncus sphaerocarpus Nees.,104329,Oui
Juncus squarrosus L.,104334,Oui
Juncus striatus Schousb. ex-E. Mey.,104337,Oui
Juncus subnodulosus Schrank.,104340,Oui
Juncus subulatus Forssk.,104341,Oui
Juncus tenageia Ehrh. ex-Lf.,104349,Oui
Juncus triglumis L.,104363,Oui
Kickxia cirrhosa (L.) Fritsch.,104500,Oui
Kickxia commutata (Bernh. ex-Rchb.) Fritsch.,104501,Oui
Kickxia lanigera (Desf.) Hand.-Mazz.,104503,Oui
Kobresia simpliciuscula (Wahlenb.) Mack.,104582,Oui
Kosteletzkya pentacarpos (L.) Ledeb.,104707,Oui
Laserpitium prutenicum L.,105086,Oui
Lathraea clandestina L.,105145,Oui
Lathraea squamaria L.,105148,Oui
Lathyrus palustris L.,105239,Oui
Leersia oryzoides (L.) Sw.,105400,Oui
Leontodon duboisii Sennen.,105492,Oui
Leucojum aestivum L.,105827,Oui
Ligularia sibirica (L.) Cass.,105908,Oui
Limoniastrum monopetalum (L.) Boiss.,106037,Oui
Limonium auriculiursifolium (Pourr.) Druce.,106044,Oui
Limonium densissimum (Pignatti) Pignatti.,106059,Oui
Limonium girardianum (Guss.) Fourr.,106077,Oui
Limonium narbonense Mill.,106088,Oui
Limosella aquatica L.,106128,Oui
Lindernia dubia (L.) Pennell.,106252,Oui
Lindernia palustris Hartmann.,106257,Oui
Linum maritimum L.,106313,Oui
Liparis loeselii (L.) Rich.,106353,Oui
Littorella uniflora (L.) Asch.,106419,Oui
Lobelia dortmanna L.,106428,Oui
Lobelia urens L.,106435,Oui
Lotus conimbricensis Brot.,106651,Oui
Lotus pedunculatus Cav.,106698,Oui
Ludwigia grandiflora (Michx.) Greuter & Burdet.,106742,Oui
Ludwigia palustris (L.) Elliott.,106747,Oui
Ludwigia peploides (Kunth) P. H. Raven.,106748,Oui
Luzula multiflora (Ehrh.) Lej. subsp. congesta (Thuill.) Arcang.,137506,Oui
Lycopodiella inundata (L.) Holub.,106993,Oui
Lycopus europaeus L.,107038,Oui
Lycopus exaltatus Lf.,107039,Oui
Lysimachia nemorum L.,107072,Oui
Lysimachia nummularia L.,107073,Oui
Lysimachia thyrsiflora L.,107086,Oui
Lysimachia vulgaris L.,107090,Oui
Lythrum borysthenicum (Schrank) Litv.,107097,Oui
Lythrum hyssopifolia L.,107106,Oui
Lythrum junceum Banks & Sol.,107108,Oui
Lythrum portula (L.) D. A. Webb.,107115,Oui
Lythrum salicaria L.,107117,Oui
Lythrum thesioides M. Bieb.,107122,Oui
Lythrum thymifolium L.,107123,Oui
Lythrum tribracteatum Salzm. ex-Spreng.,107125,Oui
Lythrum virgatum L.,107126,Oui
Marsilea quadrifolia L.,107407,Oui
Marsilea strigosa Willd.,107409,Oui
Matteuccia struthiopteris (L.) Tod.,107486,Oui
Mentha aquatica L.,108027,Oui
Mentha arvensis L.,108029,Oui
Mentha cervina L.,108044,Oui
Mentha longifolia (L.) Huds.,108103,Oui
Mentha pulegium L.,108138,Oui
Mentha requienii Benth.,108145,Oui
Mentha spicata L.,108166,Oui
Mentha suaveolens Ehrh.,108168,Oui
Menyanthes trifoliata L.,108345,Oui
Mimulus guttatus Fisch. ex-DC.,108580,Oui
Mimulus moschatus Douglas ex-Lindl.,108583,Oui
Molineriella minuta (L.) Rouy.,108714,Oui
Molinia caerulea (L.) Moench.,108718,Oui
Montia fontana L.,108785,Oui
Morisia monanthos (Viv.) Asch.,108807,Oui
Myosotis lamottiana (Braun-Blanq.) Grau.,109036,Oui
Myosotis laxa Lehm.,109042,Oui
Myosotis nemorosa Besser.,109068,Oui
Myosotis scorpioides L.,109091,Oui
Myosotis secunda A. Murray.,109092,Oui
Myosotis sicula Guss.,109095,Oui
Myosotis soleirolii (Nyman) Godr. ex-Rouy.,109096,Oui
Myosoton aquaticum (L.) Moench.,109121,Oui
Myosurus minimus L.,109126,Oui
Myrica gale L.,109130,Oui
Myricaria germanica (L.) Desv.,109135,Oui
Narcissus tazetta L.,109309,Oui
Narthecium ossifragum (L.) Huds.,109372,Oui
Narthecium reverchonii Celak.,109375,Oui
Nasturtium microphyllum (Boenn.) Rchb.,109419,Oui
Nasturtium officinale R. Br.,109422,Oui
Naufraga balearica Constance & Cannon.,109455,Oui
Nerium oleander L.,109584,Oui
Oenanthe aquatica (L.) Poir.,109861,Oui
Oenanthe crocata L.,109864,Oui
Oenanthe fistulosa L.,109869,Oui
Oenanthe foucaudii Tess.,109871,Oui
Oenanthe globulosa L.,109874,Oui
Oenanthe lachenalii C. C. Gmel.,109881,Oui
Oenanthe peucedanifolia Pollich.,109890,Oui
Oenanthe silaifolia M. Bieb.,109898,Oui
Omalotheca supina (L.) DC.,110063,Oui
Ophioglossum azoricum C. Presl.,110306,Oui
Ophioglossum lusitanicum L.,110307,Oui
Ophioglossum vulgatum L.,110313,Oui
Oreopteris limbosperma (Bellardi ex-All.) Holub.,111239,Oui
Osmunda regalis L.,111815,Oui
Parentucellia viscosa (L.) Caruel.,112405,Oui
Parnassia palustris L.,112426,Oui
Paspalum distichum L.,112483,Oui
Pedicularis foliosa L.,112577,Oui
Pedicularis mixta Gren.,112586,Oui
Pedicularis palustris L.,112590,Oui
Pedicularis sylvatica L.,112601,Oui
Pedicularis verticillata L.,112604,Oui
Periploca graeca L.,112712,Oui
Petasites albus (L.) Gaertn.,112778,Oui
"Petasites hybridus (L.) G. Gaertn., B. Mey. & Scherb.",112783,Oui
Petasites paradoxus (Retz.) Baumg.,112788,Oui
Petasites pyrenaicus (L.) G. Lopez.,112790,Oui
Peucedanum gallicum Latourr.,112853,Oui
Phalaris arundinacea L.,112975,Oui
Phleum alpinum L. subsp. alpinum.,138707,Oui
Phragmites australis (Cav.) Steud.,113260,Oui
Phyla filiformis (Schrad.) Meikle.,113293,Oui
Pilularia globulifera L.,113547,Oui
Pilularia minuta Durieu.,113548,Oui
Pinguicula alpina L.,113609,Oui
Pinguicula arvetii Genty.,113612,Oui
Pinguicula corsica Bernard & Gren.,113616,Oui
Pinguicula grandiflora Lam.,113620,Oui
Pinguicula leptoceras Rchb.,113624,Oui
Pinguicula longifolia Ramond ex-DC.,113625,Oui
Pinguicula lusitanica L.,113626,Oui
Pinguicula vulgaris L.,113639,Oui
Plagius flosculosus (L.) Alavi & Heywood.,113791,Oui
Plantago cornutii Gouan.,113838,Oui
Plantago crassifolia Forssk.,113843,Oui
Plantago major L. subsp. intermedia (Gilib.) Lange.,138899,Oui
Plantago maritima L.,113905,Oui
Poa laxa Haenke.,114262,Oui
Poa palustris L.,114312,Oui
Poa supina Schrad.,114398,Oui
Polygala exilis DC.,114554,Oui
Polygonum alpinum All.,114637,Oui
Polygonum amphibium L.,114641,Oui
Polygonum bellardii All.,114660,Oui
Polygonum bistorta L.,114664,Oui
Polygonum hydropiper L.,114745,Oui
Polygonum lapathifolium L.,114761,Oui
Polygonum minus Huds.,114784,Oui
Polygonum mite Schrank.,114785,Oui
Polygonum romanum Jacq.,114856,Oui
Polygonum salicifolium Brouss. ex-Willd.,114864,Oui
Polypogon maritimus Willd.,115025,Oui
Polypogon monspeliensis (L.) Desf.,115027,Oui
Polypogon viridis (Gouan) Breistr.,115031,Oui
Pontederia cordata L.,115096,Oui
Populus alba L.,115110,Oui
Populus nigra L.,115145,Oui
Potentilla anglica Laichard. subsp. nesogenes (Briq.) Gamisans.,139232,Oui
Potentilla anserina L.,115402,Oui
Potentilla fruticosa L.,115487,Oui
Potentilla palustris (L.) Scop.,115587,Oui
Potentilla supina L.,115669,Oui
Primula farinosa L.,115868,Oui
Primula integrifolia L.,115883,Oui
Prunella hyssopifolia L.,115996,Oui
Prunus padus L.,116109,Oui
Pseudognaphalium luteoalbum (L.) Hilliard & Burtt.,116201,Oui
Pteris cretica L.,116272,Oui
Puccinellia convoluta (Hornem.) Fourr.,116347,Oui
Puccinellia distans (Jacq.) Parl.,116348,Oui
Puccinellia fasciculata (Torr.) E. P. Bicknell.,116349,Oui
Puccinellia festuciformis (Host) Parl.,116350,Oui
Puccinellia foucaudii (Hack.) Holmb.,116352,Oui
Puccinellia maritima (Huds.) Parl.,116354,Oui
Pulicaria dysenterica (L.) Bernh.,116392,Oui
Pulicaria sicula (L.) Moris.,116401,Oui
Pulicaria vulgaris Gaertn.,116405,Oui
Pycreus flavescens (L.) P. Beauv. ex-Rchb.,116478,Oui
Radiola linoides Roth.,116870,Oui
Ranunculus aconitifolius L.,116902,Oui
Ranunculus alpestris L.,116917,Oui
Ranunculus angustifolius DC.,116922,Oui
Ranunculus baudotii Godr.,116941,Oui
Ranunculus cassubicus L.,116970,Oui
Ranunculus flammula L.,117025,Oui
Ranunculus lateriflorus DC.,117090,Oui
Ranunculus lingua L.,117096,Oui
Ranunculus marschlinsii Steud.,117111,Oui
Ranunculus muricatus L.,117128,Oui
Ranunculus nodiflorus L.,117139,Oui
Ranunculus ololeucos J. Lloyd.,117144,Oui
Ranunculus omiophyllus Ten.,117145,Oui
Ranunculus ophioglossifolius Vill.,117146,Oui
Ranunculus repens L.,117201,Oui
Ranunculus reptans L.,117203,Oui
Ranunculus revelieri Boreau.,117205,Oui
Ranunculus rionii Lagger.,117211,Oui
Ranunculus sardous Crantz.,117221,Oui
Ranunculus sceleratus L.,117224,Oui
Ranunculus velutinus Ten.,117268,Oui
Rhynchospora alba (L.) Vahl.,117731,Oui
Rhynchospora fusca (L.) W. T. Aiton.,117732,Oui
Ribes nigrum L.,117766,Oui
Ribes rubrum L.,117774,Oui
Romulea revelieri Jord. & Fourr.,117920,Oui
Rorippa amphibia (L.) Besser.,117933,Oui
Rorippa austriaca (Crantz) Besser.,117937,Oui
Rorippa islandica (Œder ex-Gunnerus) Borbás.,117940,Oui
Rorippa palustris (L.) Besser.,117944,Oui
Rorippa sylvestris (L.) Besser.,117951,Oui
Rubus caesius L.,118993,Oui
Rumex aquaticus L.,119447,Oui
Rumex conglomeratus Murray.,119471,Oui
Rumex crispus L. subsp. uliginosus (Le Gall) Akeroyd.,140364,Oui
Rumex hydrolapathum Huds.,119509,Oui
Rumex maritimus L.,119533,Oui
Rumex palustris Sm.,119556,Oui
Rumex rupestris Le Gall.,119582,Oui
Rumex sanguineus L.,119585,Oui
Ruppia cirrhosa (Petagna) Grande.,119688,Oui
Ruppia maritima L.,119691,Oui
Sagina nodosa (L.) Fenzl.,119812,Oui
Sagina revelieri Jord. & Fourr.,119824,Oui
Sagina subulata (Sw.) C. Presl.,119831,Oui
Sagittaria latifolia Willd.,119854,Oui
Sagittaria sagittifolia L.,119860,Oui
Salicornia appressa Dumort.,119876,Oui
Salicornia disarticulata Moss.,119878,Oui
Salicornia emericii Duval-Jouve.,119880,Oui
Salicornia europaea L.,119881,Oui
Salicornia obscura P. W. Ball & Tutin.,119889,Oui
Salicornia patula Duval-Jouve.,119891,Oui
Salicornia procumbens Sm.,119894,Oui
Salicornia pusilla J. Woods.,119896,Oui
Salix acuminata Mill.,119910,Oui
Salix alba L.,119915,Oui
Salix apennina A. K. Skvortsov.,119931,Oui
Salix arenaria L.,119940,Oui
Salix aurita L.,119952,Oui
Salix bicolor Willd.,119959,Oui
Salix caesia Vill.,119970,Oui
Salix ceretana (P. Monts.) Chmelar.,119985,Oui
Salix cinerea L.,119991,Oui
Salix daphnoides Vill.,120009,Oui
Salix foetida Schleich. ex-DC.,120037,Oui
Salix fragilis L.,120040,Oui
Salix hastata L.,120052,Oui
Salix herbacea L.,120057,Oui
Salix laggeri Wimm.,120085,Oui
Salix lapponum L.,120091,Oui
Salix myrsinifolia Salisb.,120135,Oui
Salix pentandra L.,120163,Oui
Salix purpurea L.,120189,Oui
Salix repens L. subsp. repens.,140478,Oui
Salix triandra L.,120246,Oui
Salix viminalis L.,120260,Oui
Salsola soda L.,120608,Oui
Samolus valerandi L.,120732,Oui
Sanguisorba officinalis L.,120758,Oui
Sarcocornia fruticosa (L.) A. J. Scott.,120842,Oui
Sarcocornia perennis (Mill.) A. J. Scott.,120843,Oui
Sarracenia purpurea L.,120875,Oui
Saxifraga aizoides L.,120965,Oui
Saxifraga androsacea L.,120973,Oui
Saxifraga aquatica Lapeyr.,120976,Oui
Saxifraga clusii Gouan.,121011,Oui
Saxifraga hirculus L.,121076,Oui
Saxifraga praetermissa D. A. Webb.,121154,Oui
Saxifraga stellaris L.,121190,Oui
Scheuchzeria palustris L.,121500,Oui
Schoenoplectus lacustris (L.) Palla.,121549,Oui
Schoenoplectus litoralis (Schrad.) Palla.,121550,Oui
Schoenoplectus mucronatus (L.) Palla.,121552,Oui
Schoenoplectus pungens (Vahl) Palla.,121553,Oui
Schoenoplectus supinus (L.) Palla.,121554,Oui
Schoenoplectus tabernaemontani (C. C. Gmel.) Palla.,121555,Oui
Schoenoplectus triqueter (L.) Palla.,121556,Oui
Schoenus ferrugineus L.,121570,Oui
Schoenus nigricans L.,121581,Oui
Scirpoides holoschoenus (L.) Soják.,121673,Oui
Scirpoides romanus (L.) Soják.,121674,Oui
Scirpus sylvaticus L.,121792,Oui
Scorzonera humilis L.,121960,Oui
Scorzonera parviflora Jacq.,121971,Oui
Scrophularia auriculata Loefl. ex-L.,121999,Oui
Scrophularia umbrosa Dumort.,122058,Oui
Scutellaria columnae All.,122065,Oui
Scutellaria galericulata L.,122069,Oui
Scutellaria hastifolia L.,122070,Oui
Scutellaria minor Huds.,122073,Oui
Sedum villosum L.,122281,Oui
Selinum broteri Hoffmanns. & Link.,122326,Oui
Selinum carvifolia (L.) L.,122329,Oui
Senecio aquaticus Hill.,159831,Oui
Senecio cacaliaster Lam.,122563,Oui
Senecio doria L.,122592,Oui
Senecio erraticus Bertol.,122595,Oui
Senecio paludosus L.,122678,Oui
Serratula tinctoria L. subsp. tinctoria.,141028,Oui
Sibthorpia europaea L.,123179,Oui
Silaum silaus (L.) Schinz & Thell.,123367,Oui
Silene flos-cuculi (L.) Clairv.,123481,Oui
Sisymbrella aspera (L.) Spach.,123789,Oui
Sisyrinchium angustifolium Mill.,123926,Oui
Sisyrinchium montanum Greene.,123933,Oui
Sium latifolium L.,123960,Oui
Solanum dulcamara L.,124034,Oui
Soldanella alpina L.,124139,Oui
Soldanella villosa Darracq ex-Labarrère.,124144,Oui
Soleirolia soleirolii (Req.) Dandy.,124147,Oui
Solenopsis laurentia (L.) C. Presl.,124150,Oui
Solenopsis minuta (L.) C. Presl subsp. corsica Meikle.,141287,Oui
Sonchus aquatilis Pourr.,124231,Oui
Sonchus maritimus L.,124256,Oui
Sonchus palustris L.,124264,Oui
Sparganium angustifolium Michx.,124405,Oui
Sparganium borderei Focke.,124406,Oui
Sparganium emersum Rehmann.,124407,Oui
Sparganium erectum L.,124408,Oui
Sparganium natans L.,124412,Oui
Spartina alterniflora Loisel.,124424,Oui
Spartina maritima (Curtis) Fernald.,124431,Oui
Spartina versicolor Fabre.,124435,Oui
Spartina x townsendii H. Groves & J. Groves.,124439,Oui
Spergularia media (L.) C. Presl.,124572,Oui
Spergularia salina J. & C. Presl.,124581,Oui
Spiranthes aestivalis (Poir.) Rich.,124699,Oui
Stachys palustris L.,124798,Oui
Stellaria alsine Grimm.,124967,Oui
Stellaria nemorum L.,125021,Oui
Stellaria palustris Hoffm.,125024,Oui
Suaeda maritima (L.) Dumort.,125259,Oui
Suaeda splendens (Pourr.) Gren.,125262,Oui
Suaeda vera J. F. Gmel.,125263,Oui
Subularia aquatica L.,125264,Oui
Succisa pratensis Moench.,125295,Oui
Succisella inflexa (Kluk) Beck.,125310,Oui
Swertia perennis L.,125319,Oui
Symphytum officinale L.,125355,Oui
Taraxacum corsicum Soest.,125554,Oui
Taraxacum palustre (Lyons) Symons.,125686,Oui
Tephroseris palustris (L.) Fourr.,125899,Oui
Teucrium aristatum Perez Lara.,125970,Oui
Teucrium scordium L.,126034,Oui
Thalictrum flavum L.,126124,Oui
Thalictrum lucidum L.,126150,Oui
Thalictrum morisonii C. C. Gmel.,126167,Oui
Thelypteris palustris Schott.,126276,Oui
Thysselinum lancifolium (Hoffmanns. & Link) Calest.,126613,Oui
Thysselinum palustre (L.) Hoffm.,126615,Oui
Tofieldia calyculata (L.) Wahlenb.,126798,Oui
Tofieldia pusilla (Michx.) Pers.,126806,Oui
Tozzia alpina L.,126925,Oui
Trichophorum alpinum (L.) Pers.,127191,Oui
Trichophorum cespitosum (L.) Hartm.,127193,Oui
Trichophorum pumilum (Vahl) Schinz & Thell.,127195,Oui
Trifolium maritimum Huds.,127379,Oui
Trifolium michelianum Savi.,127386,Oui
Trifolium ornithopodioides L.,127416,Oui
Trifolium patens Schreb.,127429,Oui
Trifolium spadiceum L.,127482,Oui
Trifolium vesiculosum Savi.,127514,Oui
Triglochin bulbosum L.,127539,Oui
Triglochin maritimum L.,127546,Oui
Triglochin palustre L.,127547,Oui
Trollius europaeus L.,127872,Oui
Typha angustifolia L.,128062,Oui
Typha domingensis (Pers.) Steud.,128066,Oui
Typha latifolia L.,128077,Oui
Typha laxmannii Lepech.,128078,Oui
Typha minima Funck.,128084,Oui
Typha shuttleworthii W. D. J. Koch & Sond.,128091,Oui
Ulmus laevis Pall.,128171,Oui
Utricularia bremii Heer ex-Köll.,128308,Oui
Utricularia intermedia Hayne.,128311,Oui
Utricularia minor L.,128315,Oui
Utricularia ochroleuca R. W. Hartm.,128318,Oui
Vaccinium microcarpum (Turcz. ex-Rupr.) Schmalh.,128343,Oui
Vaccinium oxycoccos L.,128347,Oui
Vaccinium uliginosum L. subsp. uliginosum.,142048,Oui
Valeriana dioica L.,128394,Oui
Valeriana officinalis L. subsp. repens (Host) O. Bolos & Vigo.,142069,Oui
Valeriana pyrenaica L.,128428,Oui
Veronica anagallis-aquatica L.,128792,Oui
Veronica anagalloides Guss.,128793,Oui
Veronica beccabunga L.,128808,Oui
Veronica catenata Pennell.,128829,Oui
Veronica ponae Gouan.,128969,Oui
Veronica scutellata L.,129000,Oui
Viola biflora L.,129520,Oui
Viola canina L. subsp. schultzii (Billot) Döll.,142318,Oui
Viola elatior Fr.,129557,Oui
Viola palustris L.,129639,Oui
Viola persicifolia Schreb.,129643,Oui
Viola pumila Chaix.,129660,Oui
Vitex agnus-castus L.,129914,Oui
Vitis vinifera L. subsp. sylvestris (C. C. Gmel.) Hegi.,142451,Oui
Wahlenbergia hederacea (L.) Rchb.,130065,Oui
Woodwardia radicans (L.) Sm.,130133,Oui
